Invoice ID,Client Name,Amount,Issue Date,Due Date,Payment Date
INV-0001,DEF Corp,58499.44,2025-06-03,2025-06-19,2025-06-22
INV-0002,LMN Solutions,32154.09,2025-02-11,2025-02-21,2025-02-26
INV-0003,LMN Solutions,88002.31,2025-01-20,2025-02-01,2025-03-20
INV-0004,XYZ Enterprises,98326.61,2025-05-10,2025-05-28,2025-06-03
INV-0005,ABC Pvt Ltd,77842.04,2025-04-06,2025-05-05,2025-05-24
INV-0006,ABC Pvt Ltd,36368.01,2025-04-17,2025-05-11,2025-05-26
INV-0007,PQR Global,63045.71,2025-01-06,2025-01-23,2025-02-19
INV-0008,DEF Corp,36938.93,2025-06-17,2025-07-05,2025-07-07
INV-0009,XYZ Enterprises,97105.68,2025-03-14,2025-04-05,2025-04-10
INV-0010,LMN Solutions,56253.21,2025-01-18,2025-01-31,2025-02-24
INV-0011,XYZ Enterprises,96915.1,2025-03-09,2025-03-27,2025-05-14
INV-0012,LMN Solutions,30361.79,2025-01-15,2025-02-07,2025-03-13
INV-0013,PQR Global,89442.38,2025-02-06,2025-03-03,2025-04-08
INV-0014,LMN Solutions,11080.18,2025-06-06,2025-07-03,2025-07-10
INV-0015,PQR Global,47849.39,2025-06-14,2025-07-06,2025-07-07
INV-0016,XYZ Enterprises,94519.09,2025-02-24,2025-03-20,2025-04-14
INV-0017,LMN Solutions,31262.5,2025-05-22,2025-06-02,2025-07-01
INV-0018,LMN Solutions,19973.6,2025-05-15,2025-05-26,2025-06-09
INV-0019,LMN Solutions,83968.4,2025-06-09,2025-07-06,2025-07-11
INV-0020,LMN Solutions,52984.2,2025-01-13,2025-01-25,2025-01-29
INV-0021,XYZ Enterprises,47613.16,2025-06-04,2025-07-01,2025-07-01
INV-0022,DEF Corp,20494.39,2025-03-18,2025-04-07,2025-04-07
INV-0023,ABC Pvt Ltd,11141.45,2025-03-21,2025-04-02,2025-04-07
INV-0024,LMN Solutions,78853.27,2025-06-22,2025-07-06,2025-07-30
INV-0025,XYZ Enterprises,24651.46,2025-06-23,2025-07-23,2025-09-19
INV-0026,LMN Solutions,54965.03,2025-05-20,2025-06-01,2025-07-14
INV-0027,LMN Solutions,55052.58,2025-02-16,2025-03-06,2025-03-07
INV-0028,ABC Pvt Ltd,93339.81,2025-04-16,2025-05-03,2025-05-06
INV-0029,ABC Pvt Ltd,87858.71,2025-06-15,2025-07-03,2025-07-22
INV-0030,XYZ Enterprises,81160.69,2025-01-08,2025-02-03,2025-02-11
INV-0031,DEF Corp,16202.14,2025-02-20,2025-03-16,2025-04-20
INV-0032,DEF Corp,11274.18,2025-03-16,2025-04-11,2025-05-22
INV-0033,PQR Global,51389.46,2025-04-20,2025-05-05,2025-06-25
INV-0034,XYZ Enterprises,77922.37,2025-05-19,2025-05-31,2025-06-05
INV-0035,DEF Corp,21443.97,2025-04-22,2025-05-02,2025-06-28
INV-0036,ABC Pvt Ltd,80245.02,2025-05-25,2025-06-11,2025-06-15
INV-0037,DEF Corp,24744.37,2025-02-26,2025-03-25,2025-04-07
INV-0038,LMN Solutions,63288.3,2025-01-03,2025-02-01,2025-03-23
INV-0039,XYZ Enterprises,35787.0,2025-04-28,2025-05-24,2025-07-16
INV-0040,ABC Pvt Ltd,65669.62,2025-03-13,2025-04-10,2025-04-13
INV-0041,PQR Global,75721.07,2025-01-14,2025-02-05,2025-03-24
INV-0042,ABC Pvt Ltd,19372.19,2025-05-23,2025-06-04,2025-06-29
INV-0043,LMN Solutions,83568.07,2025-01-08,2025-01-28,2025-02-18
INV-0044,PQR Global,66115.24,2025-05-27,2025-06-22,2025-07-05
INV-0045,DEF Corp,35394.26,2025-06-01,2025-06-19,2025-07-25
INV-0046,DEF Corp,46570.09,2025-06-12,2025-07-07,2025-08-26
INV-0047,ABC Pvt Ltd,33179.17,2025-05-25,2025-06-08,2025-06-26
INV-0048,LMN Solutions,80538.74,2025-06-02,2025-06-30,2025-08-13
INV-0049,PQR Global,79392.81,2025-01-11,2025-01-22,2025-02-25
INV-0050,DEF Corp,11810.65,2025-02-10,2025-02-20,2025-04-17
INV-0051,XYZ Enterprises,24918.38,2025-04-07,2025-05-05,2025-06-22
INV-0052,DEF Corp,13215.55,2025-05-03,2025-06-02,2025-06-02
INV-0053,ABC Pvt Ltd,29849.74,2025-04-28,2025-05-12,2025-05-17
INV-0054,ABC Pvt Ltd,23801.24,2025-06-04,2025-06-25,2025-06-27
INV-0055,PQR Global,89752.93,2025-04-14,2025-04-28,2025-05-15
INV-0056,ABC Pvt Ltd,39375.02,2025-01-25,2025-02-04,2025-02-17
INV-0057,PQR Global,95239.6,2025-06-12,2025-07-12,2025-08-11
INV-0058,XYZ Enterprises,21509.9,2025-03-11,2025-04-03,2025-05-02
INV-0059,ABC Pvt Ltd,59181.23,2025-03-08,2025-04-04,2025-05-31
INV-0060,DEF Corp,15619.56,2025-02-28,2025-03-27,2025-05-05
INV-0061,PQR Global,28703.71,2025-06-03,2025-07-01,2025-07-07
INV-0062,DEF Corp,48415.4,2025-04-17,2025-05-09,2025-05-10
INV-0063,LMN Solutions,14701.57,2025-02-05,2025-03-02,2025-03-19
INV-0064,XYZ Enterprises,34608.3,2025-03-03,2025-03-18,2025-04-15
INV-0065,XYZ Enterprises,15213.74,2025-04-24,2025-05-16,2025-05-17
INV-0066,PQR Global,75966.05,2025-04-28,2025-05-26,2025-05-30
INV-0067,ABC Pvt Ltd,80725.15,2025-04-18,2025-05-09,2025-05-13
INV-0068,ABC Pvt Ltd,70696.14,2025-03-08,2025-03-23,2025-03-24
INV-0069,XYZ Enterprises,73168.07,2025-01-14,2025-01-29,2025-01-31
INV-0070,LMN Solutions,82228.57,2025-01-21,2025-02-05,2025-03-18
INV-0071,DEF Corp,35090.4,2025-06-10,2025-07-08,2025-08-13
INV-0072,XYZ Enterprises,73447.64,2025-03-22,2025-04-19,2025-06-01
INV-0073,DEF Corp,57069.6,2025-05-19,2025-06-09,2025-08-04
INV-0074,PQR Global,25739.52,2025-02-01,2025-02-13,2025-02-18
INV-0075,ABC Pvt Ltd,77949.85,2025-01-09,2025-01-22,2025-02-24
INV-0076,XYZ Enterprises,78081.74,2025-01-11,2025-02-10,2025-04-04
INV-0077,XYZ Enterprises,37168.37,2025-04-03,2025-04-23,2025-04-26
INV-0078,LMN Solutions,72942.17,2025-04-01,2025-04-21,2025-05-08
INV-0079,XYZ Enterprises,99859.36,2025-01-17,2025-02-06,2025-03-29
INV-0080,XYZ Enterprises,80598.18,2025-02-15,2025-03-05,2025-05-02
INV-0081,DEF Corp,62113.41,2025-05-26,2025-06-14,2025-06-18
INV-0082,XYZ Enterprises,20674.79,2025-03-09,2025-04-08,2025-04-10
INV-0083,ABC Pvt Ltd,32505.23,2025-04-15,2025-04-30,2025-05-11
INV-0084,LMN Solutions,55214.45,2025-04-27,2025-05-10,2025-06-16
INV-0085,XYZ Enterprises,79858.24,2025-01-12,2025-02-06,2025-02-09
INV-0086,LMN Solutions,9014.06,2025-04-22,2025-05-18,2025-05-25
INV-0087,DEF Corp,43318.59,2025-03-14,2025-04-02,2025-05-06
INV-0088,LMN Solutions,43446.46,2025-04-27,2025-05-22,2025-06-30
INV-0089,XYZ Enterprises,75957.32,2025-04-27,2025-05-25,2025-05-30
INV-0090,ABC Pvt Ltd,40712.58,2025-01-18,2025-01-30,2025-02-24
INV-0091,XYZ Enterprises,22790.24,2025-05-12,2025-05-26,2025-06-26
INV-0092,PQR Global,32974.1,2025-02-06,2025-03-05,2025-04-02
INV-0093,PQR Global,3377.01,2025-01-08,2025-01-28,2025-02-27
INV-0094,ABC Pvt Ltd,57929.32,2025-06-06,2025-06-24,2025-07-31
INV-0095,PQR Global,95207.82,2025-04-19,2025-04-29,2025-05-01
INV-0096,PQR Global,53196.13,2025-03-05,2025-03-29,2025-04-21
INV-0097,DEF Corp,2383.6,2025-03-06,2025-03-22,2025-04-13
INV-0098,PQR Global,63159.5,2025-04-26,2025-05-08,2025-06-24
INV-0099,LMN Solutions,53933.57,2025-03-23,2025-04-06,2025-04-07
INV-0100,ABC Pvt Ltd,65350.17,2025-03-06,2025-03-19,2025-05-08
INV-0101,LMN Solutions,39572.31,2025-04-11,2025-04-23,2025-05-30
INV-0102,ABC Pvt Ltd,46898.5,2025-06-28,2025-07-19,2025-08-12
INV-0103,ABC Pvt Ltd,51252.87,2025-06-01,2025-06-24,2025-07-31
INV-0104,PQR Global,17165.48,2025-05-07,2025-05-19,2025-05-26
INV-0105,PQR Global,93687.28,2025-02-14,2025-02-28,2025-03-26
INV-0106,DEF Corp,13562.35,2025-03-28,2025-04-14,2025-05-01
INV-0107,LMN Solutions,62119.33,2025-04-17,2025-05-10,2025-06-22
INV-0108,XYZ Enterprises,83089.94,2025-04-24,2025-05-23,2025-07-15
INV-0109,ABC Pvt Ltd,89518.25,2025-06-14,2025-06-29,2025-08-21
INV-0110,ABC Pvt Ltd,85306.96,2025-05-01,2025-05-24,2025-06-11
INV-0111,PQR Global,56661.34,2025-04-06,2025-04-18,2025-04-23
INV-0112,DEF Corp,61170.22,2025-06-17,2025-07-13,2025-07-19
INV-0113,PQR Global,38011.12,2025-06-18,2025-07-11,2025-07-21
INV-0114,XYZ Enterprises,42454.4,2025-05-19,2025-05-29,2025-06-05
INV-0115,XYZ Enterprises,78031.58,2025-01-13,2025-02-09,2025-03-22
INV-0116,XYZ Enterprises,70279.98,2025-04-20,2025-05-08,2025-06-03
INV-0117,DEF Corp,22123.05,2025-03-25,2025-04-23,2025-04-27
INV-0118,XYZ Enterprises,43026.68,2025-04-03,2025-05-03,2025-05-14
INV-0119,LMN Solutions,61847.53,2025-05-25,2025-06-13,2025-07-08
INV-0120,DEF Corp,53890.31,2025-05-14,2025-05-28,2025-07-02
INV-0121,PQR Global,14173.19,2025-03-07,2025-03-25,2025-04-29
INV-0122,ABC Pvt Ltd,3716.65,2025-04-28,2025-05-16,2025-06-24
INV-0123,DEF Corp,4997.96,2025-05-02,2025-05-18,2025-05-21
INV-0124,LMN Solutions,74547.9,2025-05-04,2025-05-22,2025-05-22
INV-0125,ABC Pvt Ltd,51177.88,2025-01-16,2025-02-07,2025-03-27
INV-0126,XYZ Enterprises,77754.54,2025-04-16,2025-04-28,2025-06-16
INV-0127,ABC Pvt Ltd,43421.93,2025-05-08,2025-05-27,2025-06-06
INV-0128,ABC Pvt Ltd,39236.71,2025-02-19,2025-03-03,2025-05-02
INV-0129,DEF Corp,68574.35,2025-05-07,2025-05-17,2025-06-15
INV-0130,LMN Solutions,19362.76,2025-04-23,2025-05-21,2025-06-13
INV-0131,ABC Pvt Ltd,78374.26,2025-01-03,2025-01-16,2025-03-07
INV-0132,LMN Solutions,99950.94,2025-03-20,2025-04-10,2025-04-16
INV-0133,DEF Corp,85225.49,2025-04-15,2025-05-14,2025-05-21
INV-0134,PQR Global,17197.59,2025-04-08,2025-04-18,2025-06-11
INV-0135,ABC Pvt Ltd,6105.07,2025-06-08,2025-07-04,2025-07-29
INV-0136,LMN Solutions,48763.03,2025-04-19,2025-05-18,2025-06-09
INV-0137,PQR Global,63065.8,2025-02-26,2025-03-08,2025-03-25
INV-0138,LMN Solutions,40855.95,2025-05-14,2025-06-07,2025-06-30
INV-0139,XYZ Enterprises,75201.46,2025-03-22,2025-04-17,2025-05-27
INV-0140,LMN Solutions,24494.44,2025-01-10,2025-02-06,2025-02-07
INV-0141,LMN Solutions,76002.48,2025-01-14,2025-01-31,2025-02-14
INV-0142,PQR Global,7419.39,2025-01-04,2025-01-22,2025-01-28
INV-0143,ABC Pvt Ltd,86782.5,2025-02-17,2025-03-14,2025-04-09
INV-0144,LMN Solutions,7890.29,2025-02-25,2025-03-21,2025-04-04
INV-0145,XYZ Enterprises,99260.39,2025-03-25,2025-04-23,2025-04-30
INV-0146,ABC Pvt Ltd,25884.1,2025-03-13,2025-03-30,2025-04-10
INV-0147,LMN Solutions,57946.11,2025-06-26,2025-07-24,2025-08-11
INV-0148,DEF Corp,58383.54,2025-03-12,2025-04-06,2025-04-15
INV-0149,DEF Corp,33864.37,2025-06-22,2025-07-03,2025-08-28
INV-0150,ABC Pvt Ltd,79091.63,2025-03-03,2025-03-20,2025-03-20
INV-0151,DEF Corp,25192.91,2025-02-09,2025-03-04,2025-05-03
INV-0152,ABC Pvt Ltd,3979.35,2025-02-15,2025-03-09,2025-05-05
INV-0153,PQR Global,81553.09,2025-02-11,2025-03-12,2025-04-13
INV-0154,ABC Pvt Ltd,43222.01,2025-04-18,2025-05-17,2025-05-23
INV-0155,DEF Corp,77633.9,2025-01-12,2025-01-29,2025-02-19
INV-0156,ABC Pvt Ltd,9307.86,2025-01-10,2025-02-08,2025-03-02
INV-0157,XYZ Enterprises,91955.57,2025-01-05,2025-01-25,2025-02-24
INV-0158,PQR Global,21797.79,2025-03-26,2025-04-10,2025-04-11
INV-0159,LMN Solutions,23339.57,2025-06-25,2025-07-23,2025-07-31
INV-0160,DEF Corp,88367.37,2025-06-25,2025-07-12,2025-09-09
INV-0161,XYZ Enterprises,4640.52,2025-05-18,2025-06-15,2025-06-17
INV-0162,PQR Global,68586.36,2025-04-08,2025-04-27,2025-05-05
INV-0163,LMN Solutions,30473.77,2025-04-16,2025-05-10,2025-05-23
INV-0164,XYZ Enterprises,69773.16,2025-04-06,2025-05-06,2025-06-29
INV-0165,XYZ Enterprises,77927.85,2025-06-12,2025-07-07,2025-07-26
INV-0166,PQR Global,71906.37,2025-01-09,2025-01-19,2025-01-22
INV-0167,DEF Corp,47369.58,2025-02-18,2025-03-19,2025-05-02
INV-0168,ABC Pvt Ltd,46888.67,2025-04-12,2025-05-04,2025-06-08
INV-0169,ABC Pvt Ltd,46108.21,2025-05-26,2025-06-12,2025-07-05
INV-0170,XYZ Enterprises,2737.37,2025-01-21,2025-02-07,2025-02-16
INV-0171,DEF Corp,48756.38,2025-01-01,2025-01-11,2025-02-28
INV-0172,XYZ Enterprises,3257.61,2025-04-25,2025-05-09,2025-05-22
INV-0173,XYZ Enterprises,14367.52,2025-05-20,2025-06-03,2025-08-01
INV-0174,PQR Global,30331.4,2025-04-05,2025-04-26,2025-04-28
INV-0175,XYZ Enterprises,9478.61,2025-05-17,2025-06-02,2025-06-27
INV-0176,DEF Corp,52843.02,2025-05-26,2025-06-25,2025-07-23
INV-0177,DEF Corp,67520.42,2025-03-08,2025-03-27,2025-04-20
INV-0178,DEF Corp,71210.58,2025-04-03,2025-04-25,2025-06-21
INV-0179,PQR Global,17964.7,2025-05-01,2025-05-29,2025-06-15
INV-0180,ABC Pvt Ltd,29113.89,2025-02-26,2025-03-17,2025-03-18
INV-0181,PQR Global,95162.53,2025-05-27,2025-06-07,2025-06-07
INV-0182,XYZ Enterprises,7530.74,2025-03-22,2025-04-15,2025-04-18
INV-0183,LMN Solutions,36465.75,2025-06-02,2025-06-27,2025-06-29
INV-0184,PQR Global,10781.06,2025-05-15,2025-06-03,2025-06-13
INV-0185,PQR Global,56868.97,2025-02-20,2025-03-11,2025-03-19
INV-0186,PQR Global,11538.55,2025-05-24,2025-06-20,2025-07-14
INV-0187,PQR Global,79300.09,2025-05-18,2025-05-30,2025-06-06
INV-0188,DEF Corp,6676.89,2025-04-27,2025-05-12,2025-07-08
INV-0189,ABC Pvt Ltd,98136.5,2025-02-04,2025-03-05,2025-03-10
INV-0190,ABC Pvt Ltd,47217.98,2025-03-16,2025-03-28,2025-04-01
INV-0191,PQR Global,70425.57,2025-04-20,2025-05-19,2025-07-03
INV-0192,LMN Solutions,16593.27,2025-05-12,2025-06-07,2025-07-29
INV-0193,ABC Pvt Ltd,53403.66,2025-01-20,2025-02-06,2025-03-29
INV-0194,XYZ Enterprises,94294.93,2025-01-25,2025-02-22,2025-04-15
INV-0195,ABC Pvt Ltd,51655.83,2025-05-04,2025-05-16,2025-06-22
INV-0196,PQR Global,45247.31,2025-04-10,2025-05-05,2025-06-06
INV-0197,DEF Corp,6478.84,2025-05-22,2025-06-01,2025-06-20
INV-0198,PQR Global,44012.06,2025-04-09,2025-05-06,2025-05-06
INV-0199,LMN Solutions,18388.27,2025-05-06,2025-05-30,2025-07-06
INV-0200,ABC Pvt Ltd,91879.55,2025-05-11,2025-05-30,2025-06-18
INV-0201,XYZ Enterprises,97240.77,2025-02-26,2025-03-09,2025-05-03
INV-0202,LMN Solutions,98827.06,2025-01-23,2025-02-18,2025-03-14
INV-0203,PQR Global,22295.12,2025-06-01,2025-06-28,2025-06-28
INV-0204,LMN Solutions,18010.81,2025-06-26,2025-07-23,2025-09-15
INV-0205,LMN Solutions,3755.44,2025-01-11,2025-02-05,2025-03-25
INV-0206,ABC Pvt Ltd,29829.58,2025-04-27,2025-05-08,2025-05-08
INV-0207,LMN Solutions,38779.63,2025-03-02,2025-03-26,2025-05-08
INV-0208,DEF Corp,62019.58,2025-03-05,2025-03-16,2025-03-16
INV-0209,DEF Corp,8392.79,2025-03-01,2025-03-24,2025-03-29
INV-0210,LMN Solutions,16836.32,2025-06-17,2025-07-04,2025-08-11
INV-0211,LMN Solutions,26641.78,2025-01-16,2025-02-10,2025-02-14
INV-0212,ABC Pvt Ltd,42228.28,2025-02-02,2025-03-02,2025-04-01
INV-0213,XYZ Enterprises,44616.46,2025-06-18,2025-07-17,2025-07-24
INV-0214,XYZ Enterprises,82911.27,2025-02-21,2025-03-20,2025-03-25
INV-0215,ABC Pvt Ltd,27395.17,2025-04-21,2025-05-05,2025-05-05
INV-0216,DEF Corp,30499.27,2025-02-17,2025-03-17,2025-04-15
INV-0217,LMN Solutions,96390.5,2025-04-05,2025-04-24,2025-05-07
INV-0218,LMN Solutions,95724.05,2025-05-28,2025-06-08,2025-07-02
INV-0219,XYZ Enterprises,9414.47,2025-02-05,2025-03-02,2025-03-02
INV-0220,XYZ Enterprises,36324.18,2025-06-17,2025-07-13,2025-07-14
INV-0221,DEF Corp,94309.78,2025-04-16,2025-04-30,2025-06-15
INV-0222,XYZ Enterprises,29309.2,2025-04-12,2025-05-06,2025-06-28
INV-0223,DEF Corp,92415.58,2025-06-01,2025-06-19,2025-06-23
INV-0224,XYZ Enterprises,89585.98,2025-03-06,2025-03-16,2025-04-07
INV-0225,LMN Solutions,6419.2,2025-04-23,2025-05-16,2025-07-11
INV-0226,LMN Solutions,27016.76,2025-06-14,2025-07-05,2025-08-13
INV-0227,LMN Solutions,24592.46,2025-06-23,2025-07-19,2025-07-26
INV-0228,DEF Corp,93312.59,2025-06-14,2025-06-29,2025-08-01
INV-0229,PQR Global,89071.68,2025-03-26,2025-04-22,2025-04-28
INV-0230,DEF Corp,67486.17,2025-02-25,2025-03-19,2025-03-30
INV-0231,XYZ Enterprises,73075.91,2025-04-28,2025-05-12,2025-07-09
INV-0232,LMN Solutions,22913.09,2025-05-08,2025-06-01,2025-07-19
INV-0233,ABC Pvt Ltd,80654.43,2025-05-25,2025-06-19,2025-08-09
INV-0234,DEF Corp,36831.35,2025-04-19,2025-05-19,2025-07-14
INV-0235,XYZ Enterprises,61773.85,2025-06-01,2025-06-15,2025-07-19
INV-0236,ABC Pvt Ltd,76347.53,2025-04-17,2025-05-05,2025-06-04
INV-0237,DEF Corp,68684.84,2025-01-08,2025-02-06,2025-03-01
INV-0238,LMN Solutions,42851.52,2025-05-16,2025-05-31,2025-06-06
INV-0239,PQR Global,27312.91,2025-05-19,2025-06-10,2025-07-22
INV-0240,PQR Global,88359.61,2025-05-01,2025-05-29,2025-06-01
INV-0241,LMN Solutions,80127.99,2025-02-24,2025-03-25,2025-03-28
INV-0242,DEF Corp,90381.2,2025-06-28,2025-07-28,2025-08-29
INV-0243,ABC Pvt Ltd,3809.48,2025-04-11,2025-05-09,2025-05-10
INV-0244,DEF Corp,84199.27,2025-02-19,2025-03-20,2025-03-24
INV-0245,LMN Solutions,17254.3,2025-05-15,2025-05-29,2025-06-04
INV-0246,LMN Solutions,26662.45,2025-03-16,2025-03-28,2025-04-09
INV-0247,ABC Pvt Ltd,84873.02,2025-06-24,2025-07-13,2025-07-14
INV-0248,ABC Pvt Ltd,3083.8,2025-04-11,2025-04-26,2025-05-01
INV-0249,LMN Solutions,84404.18,2025-04-22,2025-05-17,2025-05-23
INV-0250,XYZ Enterprises,56288.4,2025-03-11,2025-04-07,2025-05-04
INV-0251,PQR Global,94049.77,2025-01-08,2025-01-27,2025-03-01
INV-0252,LMN Solutions,34575.08,2025-06-23,2025-07-10,2025-08-08
INV-0253,LMN Solutions,69155.28,2025-03-19,2025-04-17,2025-04-20
INV-0254,ABC Pvt Ltd,60736.98,2025-03-28,2025-04-18,2025-05-16
INV-0255,LMN Solutions,85815.25,2025-01-27,2025-02-12,2025-02-18
INV-0256,PQR Global,35811.39,2025-01-05,2025-01-20,2025-02-01
INV-0257,DEF Corp,5369.98,2025-05-04,2025-05-14,2025-07-09
INV-0258,ABC Pvt Ltd,91066.09,2025-03-20,2025-04-19,2025-06-16
INV-0259,DEF Corp,61778.54,2025-02-11,2025-03-03,2025-03-09
INV-0260,DEF Corp,6030.82,2025-04-05,2025-05-01,2025-05-21
INV-0261,XYZ Enterprises,73734.01,2025-03-14,2025-04-09,2025-05-29
INV-0262,ABC Pvt Ltd,13676.75,2025-03-23,2025-04-22,2025-05-29
INV-0263,PQR Global,70351.53,2025-02-08,2025-03-10,2025-04-20
INV-0264,LMN Solutions,86355.12,2025-04-17,2025-05-03,2025-05-10
INV-0265,ABC Pvt Ltd,85872.23,2025-01-25,2025-02-13,2025-03-18
INV-0266,PQR Global,35892.02,2025-01-15,2025-02-10,2025-03-24
INV-0267,LMN Solutions,11672.2,2025-02-27,2025-03-21,2025-05-09
INV-0268,LMN Solutions,81415.82,2025-01-27,2025-02-20,2025-02-24
INV-0269,XYZ Enterprises,19106.71,2025-03-22,2025-04-11,2025-06-10
INV-0270,XYZ Enterprises,87206.12,2025-05-04,2025-05-25,2025-06-19
INV-0271,PQR Global,70852.59,2025-02-24,2025-03-25,2025-04-16
INV-0272,ABC Pvt Ltd,64663.52,2025-01-15,2025-02-05,2025-03-17
INV-0273,XYZ Enterprises,74895.02,2025-02-18,2025-03-20,2025-04-27
INV-0274,PQR Global,86078.12,2025-06-11,2025-06-22,2025-06-24
INV-0275,PQR Global,90388.17,2025-04-13,2025-05-03,2025-06-30
INV-0276,XYZ Enterprises,96741.82,2025-06-25,2025-07-19,2025-08-08
INV-0277,PQR Global,17774.45,2025-03-12,2025-04-08,2025-05-21
INV-0278,PQR Global,71890.01,2025-03-09,2025-03-26,2025-03-30
INV-0279,DEF Corp,45132.39,2025-02-18,2025-03-01,2025-03-11
INV-0280,PQR Global,12927.78,2025-06-27,2025-07-21,2025-07-23
INV-0281,PQR Global,74546.59,2025-06-05,2025-07-03,2025-07-10
INV-0282,XYZ Enterprises,39196.39,2025-01-23,2025-02-18,2025-03-21
INV-0283,ABC Pvt Ltd,16579.68,2025-03-17,2025-04-08,2025-04-22
INV-0284,DEF Corp,15358.92,2025-06-21,2025-07-01,2025-08-06
INV-0285,ABC Pvt Ltd,95318.8,2025-01-16,2025-02-05,2025-02-06
INV-0286,XYZ Enterprises,39102.49,2025-06-07,2025-07-01,2025-07-31
INV-0287,XYZ Enterprises,72927.2,2025-03-09,2025-03-27,2025-05-10
INV-0288,DEF Corp,36585.96,2025-02-15,2025-03-12,2025-04-04
INV-0289,PQR Global,9158.23,2025-06-28,2025-07-12,2025-07-28
INV-0290,PQR Global,21051.94,2025-06-17,2025-06-29,2025-07-09
INV-0291,DEF Corp,75414.33,2025-04-25,2025-05-14,2025-06-01
INV-0292,DEF Corp,89581.76,2025-02-28,2025-03-26,2025-05-15
INV-0293,XYZ Enterprises,10382.97,2025-06-20,2025-07-12,2025-07-14
INV-0294,LMN Solutions,70538.89,2025-02-04,2025-02-22,2025-02-24
INV-0295,PQR Global,99598.35,2025-06-12,2025-06-26,2025-08-05
INV-0296,DEF Corp,32904.77,2025-05-09,2025-05-21,2025-06-14
INV-0297,XYZ Enterprises,53558.93,2025-03-12,2025-04-07,2025-05-01
INV-0298,DEF Corp,91972.18,2025-03-05,2025-03-28,2025-03-28
INV-0299,ABC Pvt Ltd,11401.76,2025-04-23,2025-05-20,2025-05-21
INV-0300,PQR Global,31549.89,2025-04-16,2025-05-13,2025-06-25
INV-0301,LMN Solutions,40459.93,2025-06-25,2025-07-19,2025-08-26
INV-0302,DEF Corp,33202.98,2025-04-09,2025-05-05,2025-05-09
INV-0303,LMN Solutions,35062.52,2025-06-01,2025-06-27,2025-07-04
INV-0304,XYZ Enterprises,47557.03,2025-03-23,2025-04-09,2025-05-18
INV-0305,XYZ Enterprises,59024.63,2025-02-04,2025-02-25,2025-03-31
INV-0306,ABC Pvt Ltd,49365.27,2025-01-06,2025-01-24,2025-02-03
INV-0307,XYZ Enterprises,14290.06,2025-05-15,2025-05-30,2025-07-01
INV-0308,DEF Corp,22022.52,2025-04-07,2025-05-05,2025-05-31
INV-0309,PQR Global,11244.09,2025-02-20,2025-03-11,2025-03-18
INV-0310,XYZ Enterprises,51718.93,2025-06-09,2025-07-05,2025-07-12
INV-0311,DEF Corp,12540.63,2025-06-10,2025-07-03,2025-08-10
INV-0312,DEF Corp,39466.53,2025-06-10,2025-06-29,2025-08-21
INV-0313,XYZ Enterprises,76183.72,2025-05-28,2025-06-12,2025-07-16
INV-0314,PQR Global,65850.88,2025-06-05,2025-06-15,2025-07-22
INV-0315,PQR Global,91999.49,2025-02-22,2025-03-12,2025-04-07
INV-0316,ABC Pvt Ltd,31336.9,2025-03-13,2025-03-30,2025-05-01
INV-0317,LMN Solutions,98761.88,2025-01-16,2025-01-27,2025-01-29
INV-0318,LMN Solutions,12787.15,2025-06-28,2025-07-13,2025-08-30
INV-0319,LMN Solutions,95914.14,2025-02-20,2025-03-04,2025-03-08
INV-0320,DEF Corp,51138.73,2025-01-11,2025-01-30,2025-02-01
INV-0321,PQR Global,55423.9,2025-03-10,2025-03-31,2025-04-12
INV-0322,ABC Pvt Ltd,63907.08,2025-01-05,2025-01-24,2025-03-03
INV-0323,DEF Corp,77724.37,2025-06-22,2025-07-12,2025-07-30
INV-0324,LMN Solutions,62972.38,2025-02-23,2025-03-17,2025-03-21
INV-0325,XYZ Enterprises,83747.0,2025-03-14,2025-04-01,2025-04-27
INV-0326,DEF Corp,77166.3,2025-06-21,2025-07-21,2025-08-24
INV-0327,PQR Global,16413.18,2025-03-01,2025-03-23,2025-05-18
INV-0328,DEF Corp,84518.73,2025-03-23,2025-04-18,2025-05-28
INV-0329,ABC Pvt Ltd,11105.32,2025-06-20,2025-07-19,2025-08-29
INV-0330,ABC Pvt Ltd,13366.84,2025-06-01,2025-06-16,2025-07-12
INV-0331,DEF Corp,45265.84,2025-02-09,2025-03-11,2025-03-30
INV-0332,PQR Global,94423.45,2025-03-28,2025-04-13,2025-04-16
INV-0333,LMN Solutions,78790.64,2025-05-11,2025-05-23,2025-06-04
INV-0334,LMN Solutions,65331.66,2025-03-06,2025-03-19,2025-03-29
INV-0335,DEF Corp,53534.05,2025-06-26,2025-07-16,2025-08-06
INV-0336,XYZ Enterprises,98122.49,2025-03-17,2025-04-02,2025-05-15
INV-0337,LMN Solutions,17817.92,2025-06-04,2025-06-15,2025-08-05
INV-0338,XYZ Enterprises,39642.66,2025-01-20,2025-02-02,2025-03-04
INV-0339,LMN Solutions,75139.03,2025-01-07,2025-01-28,2025-01-30
INV-0340,LMN Solutions,87384.64,2025-04-18,2025-05-04,2025-05-09
INV-0341,XYZ Enterprises,98266.56,2025-04-05,2025-05-04,2025-05-25
INV-0342,ABC Pvt Ltd,11845.99,2025-02-23,2025-03-17,2025-03-28
INV-0343,XYZ Enterprises,66338.15,2025-06-16,2025-07-11,2025-07-21
INV-0344,ABC Pvt Ltd,75392.32,2025-05-27,2025-06-19,2025-07-02
INV-0345,LMN Solutions,37701.06,2025-05-12,2025-05-30,2025-06-18
INV-0346,XYZ Enterprises,82988.53,2025-05-13,2025-06-09,2025-07-01
INV-0347,DEF Corp,45394.57,2025-03-04,2025-03-16,2025-05-12
INV-0348,ABC Pvt Ltd,76049.05,2025-03-26,2025-04-13,2025-05-14
INV-0349,LMN Solutions,13984.32,2025-04-02,2025-04-23,2025-06-18
INV-0350,XYZ Enterprises,91600.49,2025-04-23,2025-05-18,2025-05-24
INV-0351,PQR Global,3662.66,2025-02-22,2025-03-11,2025-03-12
INV-0352,DEF Corp,14917.74,2025-03-02,2025-03-18,2025-04-29
INV-0353,LMN Solutions,56079.95,2025-05-16,2025-06-15,2025-06-21
INV-0354,DEF Corp,81760.76,2025-05-28,2025-06-20,2025-06-24
INV-0355,ABC Pvt Ltd,88109.7,2025-01-20,2025-02-07,2025-02-13
INV-0356,DEF Corp,18551.31,2025-03-24,2025-04-15,2025-06-13
INV-0357,PQR Global,27942.13,2025-02-25,2025-03-14,2025-04-09
INV-0358,PQR Global,91250.13,2025-03-11,2025-03-30,2025-05-25
INV-0359,PQR Global,19896.08,2025-02-02,2025-02-22,2025-02-22
INV-0360,DEF Corp,90277.42,2025-01-11,2025-01-29,2025-02-05
INV-0361,ABC Pvt Ltd,3720.43,2025-01-09,2025-01-23,2025-01-29
INV-0362,DEF Corp,29354.81,2025-06-12,2025-07-09,2025-08-17
INV-0363,ABC Pvt Ltd,35298.55,2025-05-14,2025-05-26,2025-05-27
INV-0364,ABC Pvt Ltd,77479.16,2025-03-28,2025-04-09,2025-06-07
INV-0365,DEF Corp,16648.16,2025-03-02,2025-03-16,2025-04-21
INV-0366,DEF Corp,47171.1,2025-02-19,2025-03-05,2025-03-27
INV-0367,LMN Solutions,68998.13,2025-06-04,2025-07-04,2025-07-09
INV-0368,ABC Pvt Ltd,44499.04,2025-04-11,2025-05-07,2025-07-05
INV-0369,PQR Global,50538.53,2025-02-19,2025-03-02,2025-03-30
INV-0370,PQR Global,74387.73,2025-02-28,2025-03-10,2025-04-10
INV-0371,LMN Solutions,51620.88,2025-05-14,2025-05-30,2025-06-05
INV-0372,LMN Solutions,71306.46,2025-02-12,2025-02-25,2025-03-29
INV-0373,PQR Global,74625.41,2025-01-18,2025-02-07,2025-02-23
INV-0374,XYZ Enterprises,48458.96,2025-02-02,2025-02-15,2025-03-12
INV-0375,LMN Solutions,62141.57,2025-03-11,2025-04-10,2025-04-28
INV-0376,DEF Corp,30153.95,2025-01-25,2025-02-24,2025-03-02
INV-0377,PQR Global,51287.27,2025-06-13,2025-07-11,2025-07-16
INV-0378,PQR Global,28293.38,2025-03-28,2025-04-22,2025-04-24
INV-0379,DEF Corp,16145.12,2025-01-22,2025-02-08,2025-03-06
INV-0380,PQR Global,86707.26,2025-04-19,2025-05-08,2025-06-07
INV-0381,LMN Solutions,61774.11,2025-03-16,2025-04-02,2025-05-06
INV-0382,XYZ Enterprises,29693.96,2025-05-03,2025-05-18,2025-06-17
INV-0383,PQR Global,12454.44,2025-05-15,2025-06-05,2025-06-23
INV-0384,PQR Global,16415.1,2025-06-25,2025-07-21,2025-07-31
INV-0385,XYZ Enterprises,91640.84,2025-06-26,2025-07-20,2025-09-12
INV-0386,LMN Solutions,77767.5,2025-02-08,2025-03-01,2025-03-10
INV-0387,XYZ Enterprises,71628.94,2025-05-11,2025-05-21,2025-06-05
INV-0388,PQR Global,75854.3,2025-05-15,2025-05-30,2025-06-11
INV-0389,DEF Corp,61682.51,2025-01-03,2025-01-22,2025-02-14
INV-0390,LMN Solutions,97860.3,2025-05-10,2025-06-03,2025-06-29
INV-0391,PQR Global,33486.37,2025-06-24,2025-07-11,2025-08-13
INV-0392,LMN Solutions,41084.65,2025-03-14,2025-04-04,2025-04-19
INV-0393,PQR Global,31934.07,2025-03-20,2025-04-11,2025-04-18
INV-0394,LMN Solutions,41806.19,2025-02-04,2025-02-19,2025-03-02
INV-0395,XYZ Enterprises,97775.09,2025-02-13,2025-03-02,2025-03-06
INV-0396,LMN Solutions,74507.99,2025-06-01,2025-06-12,2025-06-24
INV-0397,LMN Solutions,42584.04,2025-03-15,2025-04-01,2025-04-08
INV-0398,XYZ Enterprises,26147.61,2025-06-22,2025-07-15,2025-07-20
INV-0399,PQR Global,38942.49,2025-05-06,2025-05-16,2025-05-16
INV-0400,XYZ Enterprises,50728.5,2025-02-09,2025-03-05,2025-03-12
INV-0401,LMN Solutions,44749.24,2025-02-15,2025-03-04,2025-03-04
INV-0402,XYZ Enterprises,88216.67,2025-03-10,2025-03-23,2025-05-22
INV-0403,PQR Global,2395.92,2025-05-25,2025-06-15,2025-06-15
INV-0404,LMN Solutions,32715.17,2025-02-03,2025-02-24,2025-03-22
INV-0405,ABC Pvt Ltd,69550.0,2025-06-12,2025-06-30,2025-06-30
INV-0406,XYZ Enterprises,32006.78,2025-01-09,2025-01-20,2025-01-25
INV-0407,PQR Global,64020.55,2025-01-11,2025-01-26,2025-02-09
INV-0408,ABC Pvt Ltd,84056.87,2025-03-15,2025-04-06,2025-05-19
INV-0409,PQR Global,60125.67,2025-04-17,2025-05-13,2025-06-08
INV-0410,ABC Pvt Ltd,81508.91,2025-03-22,2025-04-01,2025-05-20
INV-0411,XYZ Enterprises,14069.55,2025-01-02,2025-01-19,2025-01-20
INV-0412,LMN Solutions,63357.18,2025-04-09,2025-05-04,2025-05-04
INV-0413,ABC Pvt Ltd,46755.91,2025-04-09,2025-04-22,2025-05-21
INV-0414,DEF Corp,32481.56,2025-06-08,2025-07-08,2025-07-08
INV-0415,XYZ Enterprises,67948.14,2025-03-15,2025-04-02,2025-04-10
INV-0416,XYZ Enterprises,65811.09,2025-02-25,2025-03-17,2025-03-25
INV-0417,LMN Solutions,1192.55,2025-02-12,2025-03-09,2025-04-05
INV-0418,PQR Global,57798.45,2025-03-06,2025-03-27,2025-04-10
INV-0419,LMN Solutions,45242.18,2025-05-13,2025-05-31,2025-07-12
INV-0420,ABC Pvt Ltd,82138.14,2025-01-28,2025-02-07,2025-03-13
INV-0421,LMN Solutions,29407.73,2025-06-09,2025-07-08,2025-09-06
INV-0422,DEF Corp,89863.5,2025-04-21,2025-05-21,2025-05-30
INV-0423,XYZ Enterprises,68841.12,2025-05-08,2025-05-21,2025-06-23
INV-0424,XYZ Enterprises,13680.25,2025-03-12,2025-04-02,2025-05-09
INV-0425,LMN Solutions,39268.06,2025-03-16,2025-04-03,2025-04-03
INV-0426,PQR Global,14047.65,2025-05-09,2025-05-27,2025-06-28
INV-0427,XYZ Enterprises,23834.23,2025-04-02,2025-04-14,2025-04-27
INV-0428,XYZ Enterprises,85844.88,2025-05-05,2025-05-23,2025-06-24
INV-0429,LMN Solutions,96773.02,2025-05-04,2025-05-18,2025-07-07
INV-0430,XYZ Enterprises,61011.09,2025-04-12,2025-05-12,2025-07-09
INV-0431,LMN Solutions,27646.58,2025-01-10,2025-02-06,2025-02-26
INV-0432,ABC Pvt Ltd,45029.96,2025-03-10,2025-03-23,2025-05-02
INV-0433,ABC Pvt Ltd,70421.84,2025-03-26,2025-04-09,2025-04-28
INV-0434,LMN Solutions,24797.74,2025-06-08,2025-06-27,2025-06-27
INV-0435,PQR Global,56275.52,2025-04-03,2025-05-03,2025-05-11
INV-0436,LMN Solutions,22908.7,2025-01-18,2025-02-10,2025-02-16
INV-0437,PQR Global,76920.49,2025-03-23,2025-04-11,2025-04-15
INV-0438,DEF Corp,83753.64,2025-05-11,2025-06-07,2025-07-21
INV-0439,DEF Corp,33135.75,2025-06-17,2025-07-01,2025-07-26
INV-0440,ABC Pvt Ltd,81843.2,2025-06-18,2025-07-02,2025-07-25
INV-0441,PQR Global,19828.3,2025-06-23,2025-07-09,2025-07-10
INV-0442,DEF Corp,32274.25,2025-06-19,2025-07-03,2025-07-05
INV-0443,DEF Corp,49533.05,2025-05-09,2025-06-04,2025-06-20
INV-0444,ABC Pvt Ltd,43209.03,2025-04-10,2025-04-23,2025-06-04
INV-0445,DEF Corp,64265.55,2025-06-22,2025-07-17,2025-08-28
INV-0446,ABC Pvt Ltd,87007.59,2025-01-19,2025-02-11,2025-02-16
INV-0447,LMN Solutions,57057.88,2025-05-02,2025-05-20,2025-06-25
INV-0448,DEF Corp,68083.76,2025-04-25,2025-05-11,2025-05-11
INV-0449,DEF Corp,34268.17,2025-01-18,2025-02-05,2025-02-07
INV-0450,PQR Global,79487.44,2025-01-03,2025-01-13,2025-01-15
INV-0451,DEF Corp,55105.37,2025-01-23,2025-02-05,2025-02-20
INV-0452,PQR Global,10237.73,2025-02-19,2025-03-03,2025-03-13
INV-0453,XYZ Enterprises,6877.6,2025-04-04,2025-04-18,2025-04-19
INV-0454,ABC Pvt Ltd,87872.6,2025-02-20,2025-03-07,2025-03-13
INV-0455,DEF Corp,53819.73,2025-03-28,2025-04-27,2025-04-30
INV-0456,ABC Pvt Ltd,19185.82,2025-01-16,2025-02-10,2025-02-17
INV-0457,XYZ Enterprises,32598.77,2025-06-16,2025-06-30,2025-07-16
INV-0458,PQR Global,94280.23,2025-05-22,2025-06-11,2025-06-13
INV-0459,PQR Global,67879.63,2025-05-12,2025-06-08,2025-06-19
INV-0460,DEF Corp,80460.92,2025-02-25,2025-03-20,2025-04-23
INV-0461,LMN Solutions,30866.13,2025-01-05,2025-01-20,2025-01-23
INV-0462,DEF Corp,27307.82,2025-05-04,2025-05-25,2025-06-12
INV-0463,PQR Global,62985.51,2025-03-09,2025-04-05,2025-05-07
INV-0464,LMN Solutions,43186.23,2025-04-12,2025-04-26,2025-04-28
INV-0465,XYZ Enterprises,80923.46,2025-02-08,2025-02-25,2025-04-16
INV-0466,XYZ Enterprises,79631.4,2025-02-15,2025-03-05,2025-03-16
INV-0467,LMN Solutions,89336.32,2025-04-12,2025-05-06,2025-05-29
INV-0468,LMN Solutions,71831.21,2025-05-21,2025-06-19,2025-08-16
INV-0469,DEF Corp,45573.52,2025-05-16,2025-05-26,2025-05-28
INV-0470,PQR Global,7892.98,2025-04-17,2025-05-13,2025-06-06
INV-0471,DEF Corp,67830.66,2025-05-18,2025-06-09,2025-08-08
INV-0472,XYZ Enterprises,4156.6,2025-05-08,2025-06-06,2025-06-11
INV-0473,LMN Solutions,14876.89,2025-03-24,2025-04-08,2025-04-08
INV-0474,ABC Pvt Ltd,6224.45,2025-02-03,2025-02-21,2025-04-02
INV-0475,DEF Corp,81515.95,2025-04-11,2025-04-29,2025-06-09
INV-0476,DEF Corp,51762.25,2025-02-28,2025-03-30,2025-04-06
INV-0477,ABC Pvt Ltd,1286.55,2025-01-16,2025-02-03,2025-03-07
INV-0478,LMN Solutions,36047.46,2025-04-23,2025-05-17,2025-07-11
INV-0479,PQR Global,55824.18,2025-01-28,2025-02-24,2025-02-26
INV-0480,XYZ Enterprises,27395.84,2025-06-01,2025-06-16,2025-06-21
INV-0481,DEF Corp,97867.29,2025-06-27,2025-07-17,2025-07-19
INV-0482,ABC Pvt Ltd,49791.42,2025-04-11,2025-04-26,2025-05-13
INV-0483,XYZ Enterprises,21963.8,2025-03-12,2025-04-11,2025-06-08
INV-0484,XYZ Enterprises,75012.17,2025-05-17,2025-06-08,2025-06-13
INV-0485,XYZ Enterprises,72642.85,2025-01-05,2025-01-26,2025-03-06
INV-0486,DEF Corp,8090.34,2025-01-23,2025-02-03,2025-02-05
INV-0487,XYZ Enterprises,38732.82,2025-05-01,2025-05-20,2025-05-21
INV-0488,PQR Global,39045.46,2025-06-22,2025-07-08,2025-08-23
INV-0489,DEF Corp,75821.36,2025-06-03,2025-06-18,2025-07-11
INV-0490,ABC Pvt Ltd,38484.71,2025-01-17,2025-02-01,2025-03-26
INV-0491,ABC Pvt Ltd,7257.05,2025-04-05,2025-05-02,2025-05-04
INV-0492,DEF Corp,87770.38,2025-02-14,2025-03-02,2025-04-30
INV-0493,ABC Pvt Ltd,13751.33,2025-04-25,2025-05-21,2025-05-24
INV-0494,PQR Global,64757.05,2025-02-16,2025-03-10,2025-05-06
INV-0495,ABC Pvt Ltd,58643.08,2025-06-11,2025-06-30,2025-07-08
INV-0496,DEF Corp,2344.61,2025-04-10,2025-04-21,2025-05-11
INV-0497,XYZ Enterprises,85490.63,2025-05-26,2025-06-12,2025-07-11
INV-0498,ABC Pvt Ltd,43954.36,2025-05-17,2025-06-10,2025-06-17
INV-0499,XYZ Enterprises,50821.14,2025-03-19,2025-04-03,2025-04-07
INV-0500,XYZ Enterprises,96953.57,2025-06-22,2025-07-10,2025-07-24
INV-0501,PQR Global,57470.04,2025-04-08,2025-05-06,2025-05-13
INV-0502,LMN Solutions,43809.81,2025-06-20,2025-07-06,2025-08-27
INV-0503,ABC Pvt Ltd,39420.08,2025-04-19,2025-04-29,2025-05-04
INV-0504,ABC Pvt Ltd,87989.73,2025-02-25,2025-03-15,2025-03-18
INV-0505,DEF Corp,90762.18,2025-04-14,2025-05-04,2025-05-13
INV-0506,PQR Global,85573.23,2025-01-04,2025-01-25,2025-01-26
INV-0507,PQR Global,39471.16,2025-02-06,2025-02-28,2025-03-03
INV-0508,ABC Pvt Ltd,30244.2,2025-04-10,2025-04-29,2025-06-14
INV-0509,XYZ Enterprises,21645.97,2025-06-04,2025-06-22,2025-08-02
INV-0510,ABC Pvt Ltd,33451.23,2025-05-22,2025-06-20,2025-07-20
INV-0511,ABC Pvt Ltd,40750.55,2025-02-17,2025-03-15,2025-04-22
INV-0512,ABC Pvt Ltd,4959.32,2025-04-25,2025-05-18,2025-05-19
INV-0513,ABC Pvt Ltd,50055.86,2025-05-22,2025-06-07,2025-06-30
INV-0514,LMN Solutions,27287.23,2025-06-07,2025-07-03,2025-08-03
INV-0515,PQR Global,61973.43,2025-05-27,2025-06-25,2025-07-17
INV-0516,DEF Corp,3266.66,2025-02-11,2025-03-08,2025-03-10
INV-0517,LMN Solutions,80305.31,2025-06-10,2025-06-26,2025-08-19
INV-0518,DEF Corp,53273.0,2025-04-28,2025-05-26,2025-05-26
INV-0519,LMN Solutions,85078.71,2025-05-19,2025-06-04,2025-06-08
INV-0520,LMN Solutions,61285.64,2025-05-15,2025-06-02,2025-07-13
INV-0521,LMN Solutions,33516.62,2025-02-11,2025-03-04,2025-04-19
INV-0522,DEF Corp,45448.13,2025-01-26,2025-02-18,2025-02-19
INV-0523,ABC Pvt Ltd,27962.16,2025-01-06,2025-02-04,2025-03-03
INV-0524,DEF Corp,52298.14,2025-05-09,2025-05-25,2025-06-25
INV-0525,PQR Global,26152.44,2025-04-13,2025-04-23,2025-04-26
INV-0526,DEF Corp,60124.32,2025-04-02,2025-04-15,2025-05-06
INV-0527,ABC Pvt Ltd,76396.69,2025-02-18,2025-03-15,2025-03-24
INV-0528,LMN Solutions,98125.78,2025-03-27,2025-04-06,2025-05-01
INV-0529,DEF Corp,9433.16,2025-05-07,2025-05-17,2025-06-06
INV-0530,XYZ Enterprises,27963.14,2025-04-04,2025-05-04,2025-05-21
INV-0531,PQR Global,90243.86,2025-03-12,2025-04-09,2025-04-29
INV-0532,LMN Solutions,28418.32,2025-01-13,2025-01-30,2025-03-12
INV-0533,ABC Pvt Ltd,75616.9,2025-03-07,2025-04-02,2025-05-07
INV-0534,DEF Corp,40442.44,2025-05-21,2025-06-18,2025-07-06
INV-0535,ABC Pvt Ltd,72321.2,2025-01-16,2025-02-09,2025-02-16
INV-0536,XYZ Enterprises,85439.69,2025-02-22,2025-03-19,2025-04-08
INV-0537,PQR Global,82388.42,2025-05-01,2025-05-18,2025-07-02
INV-0538,LMN Solutions,23512.71,2025-06-02,2025-06-12,2025-07-07
INV-0539,LMN Solutions,78245.26,2025-01-15,2025-02-11,2025-02-16
INV-0540,PQR Global,33104.24,2025-05-14,2025-06-03,2025-08-01
INV-0541,LMN Solutions,35207.78,2025-01-12,2025-01-27,2025-02-14
INV-0542,DEF Corp,90645.03,2025-04-18,2025-05-08,2025-06-26
INV-0543,LMN Solutions,48751.17,2025-06-02,2025-06-17,2025-08-01
INV-0544,ABC Pvt Ltd,55539.26,2025-06-26,2025-07-10,2025-08-02
INV-0545,ABC Pvt Ltd,28693.81,2025-01-11,2025-02-05,2025-02-13
INV-0546,DEF Corp,21127.5,2025-05-17,2025-06-05,2025-07-24
INV-0547,ABC Pvt Ltd,24437.18,2025-06-15,2025-07-10,2025-08-01
INV-0548,PQR Global,50721.1,2025-01-26,2025-02-06,2025-02-11
INV-0549,LMN Solutions,35092.53,2025-01-05,2025-01-29,2025-01-30
INV-0550,PQR Global,82801.36,2025-05-02,2025-05-27,2025-06-03
INV-0551,LMN Solutions,24494.66,2025-02-18,2025-03-01,2025-03-04
INV-0552,LMN Solutions,10709.39,2025-06-13,2025-07-03,2025-07-09
INV-0553,ABC Pvt Ltd,39861.37,2025-05-10,2025-06-01,2025-06-03
INV-0554,PQR Global,45589.73,2025-04-20,2025-05-14,2025-05-29
INV-0555,ABC Pvt Ltd,66205.84,2025-06-26,2025-07-08,2025-08-28
INV-0556,DEF Corp,54781.03,2025-05-11,2025-06-06,2025-06-25
INV-0557,XYZ Enterprises,28624.3,2025-02-27,2025-03-21,2025-03-31
INV-0558,LMN Solutions,10187.23,2025-03-19,2025-04-06,2025-04-11
INV-0559,DEF Corp,83423.4,2025-03-09,2025-03-28,2025-04-24
INV-0560,PQR Global,87631.93,2025-03-10,2025-04-03,2025-04-08
INV-0561,XYZ Enterprises,38888.01,2025-03-28,2025-04-18,2025-04-19
INV-0562,ABC Pvt Ltd,98514.71,2025-06-22,2025-07-10,2025-08-03
INV-0563,DEF Corp,54808.95,2025-03-05,2025-04-02,2025-05-08
INV-0564,XYZ Enterprises,51795.96,2025-06-21,2025-07-15,2025-08-12
INV-0565,XYZ Enterprises,8696.89,2025-06-04,2025-06-19,2025-07-10
INV-0566,PQR Global,13444.69,2025-04-08,2025-04-26,2025-05-12
INV-0567,XYZ Enterprises,93880.69,2025-03-25,2025-04-19,2025-04-21
INV-0568,ABC Pvt Ltd,94978.85,2025-03-17,2025-04-04,2025-04-30
INV-0569,DEF Corp,98187.39,2025-06-10,2025-06-23,2025-07-29
INV-0570,PQR Global,45269.2,2025-01-14,2025-02-03,2025-02-13
INV-0571,XYZ Enterprises,38660.81,2025-02-04,2025-03-03,2025-03-08
INV-0572,ABC Pvt Ltd,42321.15,2025-05-04,2025-06-02,2025-07-29
INV-0573,XYZ Enterprises,61575.72,2025-06-18,2025-07-10,2025-07-13
INV-0574,LMN Solutions,3403.38,2025-03-23,2025-04-18,2025-04-26
INV-0575,LMN Solutions,22163.21,2025-06-24,2025-07-04,2025-08-19
INV-0576,ABC Pvt Ltd,39286.15,2025-06-11,2025-07-03,2025-08-22
INV-0577,XYZ Enterprises,75705.52,2025-04-07,2025-05-03,2025-05-05
INV-0578,DEF Corp,95936.9,2025-02-27,2025-03-17,2025-03-20
INV-0579,DEF Corp,6197.98,2025-06-24,2025-07-19,2025-08-03
INV-0580,ABC Pvt Ltd,99266.77,2025-03-21,2025-04-01,2025-04-12
INV-0581,ABC Pvt Ltd,59680.02,2025-02-09,2025-02-19,2025-03-07
INV-0582,LMN Solutions,7963.2,2025-01-14,2025-01-26,2025-02-21
INV-0583,ABC Pvt Ltd,64851.84,2025-04-25,2025-05-05,2025-07-01
INV-0584,ABC Pvt Ltd,67846.03,2025-02-14,2025-03-07,2025-04-22
INV-0585,XYZ Enterprises,2655.82,2025-06-02,2025-06-25,2025-06-26
INV-0586,XYZ Enterprises,33397.63,2025-01-27,2025-02-17,2025-02-17
INV-0587,XYZ Enterprises,11926.03,2025-03-12,2025-03-22,2025-03-25
INV-0588,ABC Pvt Ltd,19738.73,2025-03-21,2025-04-14,2025-05-13
INV-0589,PQR Global,18911.25,2025-03-18,2025-04-12,2025-04-14
INV-0590,DEF Corp,30241.55,2025-01-07,2025-02-06,2025-02-10
INV-0591,ABC Pvt Ltd,25372.84,2025-01-22,2025-02-07,2025-03-31
INV-0592,DEF Corp,99099.93,2025-03-19,2025-04-06,2025-05-29
INV-0593,XYZ Enterprises,53317.86,2025-02-23,2025-03-10,2025-03-18
INV-0594,XYZ Enterprises,83649.17,2025-04-12,2025-04-23,2025-06-07
INV-0595,LMN Solutions,79784.14,2025-06-25,2025-07-08,2025-07-19
INV-0596,PQR Global,68083.65,2025-01-05,2025-01-28,2025-01-28
INV-0597,DEF Corp,57723.59,2025-01-05,2025-01-27,2025-02-18
INV-0598,LMN Solutions,22632.41,2025-02-18,2025-03-05,2025-03-07
INV-0599,XYZ Enterprises,15663.65,2025-03-08,2025-03-27,2025-04-13
INV-0600,LMN Solutions,64266.08,2025-06-22,2025-07-19,2025-07-19
INV-0601,PQR Global,5650.06,2025-06-20,2025-07-07,2025-07-15
INV-0602,ABC Pvt Ltd,59744.07,2025-01-12,2025-02-08,2025-02-25
INV-0603,PQR Global,4282.82,2025-04-10,2025-05-02,2025-05-21
INV-0604,DEF Corp,58186.38,2025-06-27,2025-07-13,2025-07-16
INV-0605,XYZ Enterprises,80687.58,2025-01-18,2025-02-05,2025-02-12
INV-0606,XYZ Enterprises,13086.87,2025-03-17,2025-04-01,2025-05-27
INV-0607,LMN Solutions,96104.28,2025-01-12,2025-02-04,2025-03-19
INV-0608,PQR Global,90204.67,2025-04-06,2025-04-24,2025-04-28
INV-0609,LMN Solutions,71791.92,2025-01-13,2025-01-27,2025-03-12
INV-0610,LMN Solutions,74728.67,2025-01-08,2025-01-31,2025-02-01
INV-0611,DEF Corp,73030.44,2025-02-09,2025-02-22,2025-04-07
INV-0612,LMN Solutions,76438.86,2025-04-15,2025-05-09,2025-06-09
INV-0613,XYZ Enterprises,25414.01,2025-06-26,2025-07-21,2025-07-27
INV-0614,DEF Corp,41747.25,2025-05-10,2025-05-23,2025-05-25
INV-0615,ABC Pvt Ltd,70786.84,2025-04-13,2025-05-03,2025-06-02
INV-0616,DEF Corp,76594.51,2025-06-01,2025-06-12,2025-08-09
INV-0617,XYZ Enterprises,6679.66,2025-06-13,2025-07-03,2025-08-25
INV-0618,LMN Solutions,53659.73,2025-06-20,2025-07-14,2025-08-14
INV-0619,DEF Corp,95493.4,2025-03-09,2025-03-28,2025-04-16
INV-0620,PQR Global,27029.08,2025-06-27,2025-07-11,2025-08-20
INV-0621,LMN Solutions,9912.98,2025-01-23,2025-02-02,2025-02-20
INV-0622,XYZ Enterprises,62539.21,2025-04-12,2025-05-03,2025-06-09
INV-0623,ABC Pvt Ltd,78893.66,2025-04-18,2025-05-17,2025-06-17
INV-0624,LMN Solutions,70840.34,2025-06-03,2025-06-25,2025-06-25
INV-0625,PQR Global,56088.54,2025-05-14,2025-05-30,2025-06-12
INV-0626,PQR Global,62250.33,2025-06-09,2025-06-30,2025-07-14
INV-0627,XYZ Enterprises,6686.2,2025-03-09,2025-03-23,2025-05-17
INV-0628,DEF Corp,37970.55,2025-01-08,2025-02-07,2025-03-24
INV-0629,LMN Solutions,22729.73,2025-04-22,2025-05-08,2025-05-17
INV-0630,DEF Corp,46559.41,2025-04-10,2025-04-26,2025-05-09
INV-0631,DEF Corp,81169.67,2025-05-26,2025-06-17,2025-06-18
INV-0632,XYZ Enterprises,85923.89,2025-01-15,2025-02-12,2025-02-17
INV-0633,DEF Corp,30267.59,2025-02-27,2025-03-23,2025-04-17
INV-0634,XYZ Enterprises,36246.37,2025-06-07,2025-06-29,2025-07-02
INV-0635,DEF Corp,51554.03,2025-01-13,2025-02-08,2025-02-09
INV-0636,LMN Solutions,49166.52,2025-06-14,2025-07-05,2025-07-08
INV-0637,LMN Solutions,67077.59,2025-03-03,2025-03-20,2025-05-09
INV-0638,XYZ Enterprises,58219.39,2025-02-28,2025-03-27,2025-04-16
INV-0639,ABC Pvt Ltd,75871.59,2025-03-05,2025-03-30,2025-04-16
INV-0640,LMN Solutions,58606.8,2025-05-15,2025-06-10,2025-06-16
INV-0641,DEF Corp,3592.11,2025-05-05,2025-05-16,2025-05-17
INV-0642,ABC Pvt Ltd,11396.14,2025-06-24,2025-07-14,2025-09-02
INV-0643,DEF Corp,28131.41,2025-03-04,2025-04-03,2025-05-23
INV-0644,XYZ Enterprises,31680.25,2025-03-22,2025-04-19,2025-04-23
INV-0645,LMN Solutions,62257.35,2025-02-04,2025-02-19,2025-03-29
INV-0646,LMN Solutions,75529.93,2025-06-21,2025-07-15,2025-09-09
INV-0647,LMN Solutions,16144.1,2025-05-04,2025-05-18,2025-06-13
INV-0648,PQR Global,24027.03,2025-06-19,2025-07-04,2025-07-10
INV-0649,XYZ Enterprises,79369.09,2025-06-10,2025-06-22,2025-07-28
INV-0650,ABC Pvt Ltd,79072.64,2025-03-26,2025-04-13,2025-04-14
INV-0651,LMN Solutions,38553.28,2025-02-02,2025-03-01,2025-03-01
INV-0652,XYZ Enterprises,14526.85,2025-01-28,2025-02-11,2025-02-13
INV-0653,ABC Pvt Ltd,16456.95,2025-05-17,2025-06-07,2025-06-14
INV-0654,PQR Global,90845.64,2025-01-02,2025-01-24,2025-01-29
INV-0655,ABC Pvt Ltd,57981.81,2025-05-06,2025-06-02,2025-06-06
INV-0656,PQR Global,86935.27,2025-01-18,2025-02-12,2025-03-13
INV-0657,XYZ Enterprises,5520.55,2025-06-09,2025-07-06,2025-07-23
INV-0658,DEF Corp,54332.75,2025-06-08,2025-06-21,2025-07-13
INV-0659,XYZ Enterprises,87049.34,2025-04-11,2025-04-26,2025-05-17
INV-0660,ABC Pvt Ltd,69533.05,2025-03-24,2025-04-20,2025-05-19
INV-0661,PQR Global,10452.78,2025-03-16,2025-04-02,2025-05-23
INV-0662,XYZ Enterprises,8628.31,2025-05-04,2025-05-17,2025-05-21
INV-0663,LMN Solutions,80716.37,2025-06-13,2025-07-12,2025-07-22
INV-0664,DEF Corp,84615.11,2025-05-13,2025-06-10,2025-08-01
INV-0665,ABC Pvt Ltd,64237.58,2025-02-26,2025-03-21,2025-03-27
INV-0666,LMN Solutions,93037.78,2025-05-15,2025-06-07,2025-07-14
INV-0667,ABC Pvt Ltd,42687.64,2025-06-20,2025-07-01,2025-07-03
INV-0668,ABC Pvt Ltd,6276.31,2025-05-28,2025-06-21,2025-06-28
INV-0669,LMN Solutions,45935.61,2025-02-05,2025-02-22,2025-03-06
INV-0670,LMN Solutions,36371.91,2025-04-24,2025-05-16,2025-05-18
INV-0671,DEF Corp,30485.46,2025-05-25,2025-06-11,2025-06-22
INV-0672,ABC Pvt Ltd,53033.52,2025-01-21,2025-02-02,2025-02-13
INV-0673,DEF Corp,83719.09,2025-05-19,2025-06-18,2025-07-12
INV-0674,LMN Solutions,16007.36,2025-02-22,2025-03-19,2025-03-22
INV-0675,PQR Global,90130.82,2025-05-21,2025-06-08,2025-06-09
INV-0676,DEF Corp,38645.3,2025-06-06,2025-07-06,2025-07-13
INV-0677,PQR Global,41435.72,2025-02-27,2025-03-27,2025-04-03
INV-0678,PQR Global,94091.53,2025-02-06,2025-02-27,2025-04-27
INV-0679,ABC Pvt Ltd,87311.83,2025-05-01,2025-05-31,2025-07-25
INV-0680,DEF Corp,71197.33,2025-01-26,2025-02-14,2025-03-31
INV-0681,XYZ Enterprises,9465.48,2025-04-18,2025-05-08,2025-05-27
INV-0682,XYZ Enterprises,1386.24,2025-06-25,2025-07-08,2025-07-12
INV-0683,PQR Global,75522.6,2025-01-10,2025-01-20,2025-03-09
INV-0684,ABC Pvt Ltd,16768.36,2025-04-02,2025-04-18,2025-05-14
INV-0685,XYZ Enterprises,19588.69,2025-03-11,2025-03-23,2025-03-25
INV-0686,PQR Global,95820.68,2025-03-19,2025-04-17,2025-05-22
INV-0687,DEF Corp,28952.44,2025-05-25,2025-06-07,2025-06-27
INV-0688,PQR Global,7468.0,2025-01-23,2025-02-09,2025-02-28
INV-0689,ABC Pvt Ltd,32820.8,2025-05-22,2025-06-17,2025-06-17
INV-0690,LMN Solutions,89384.45,2025-01-25,2025-02-13,2025-04-14
INV-0691,LMN Solutions,47442.79,2025-03-19,2025-04-09,2025-05-27
INV-0692,XYZ Enterprises,89139.35,2025-06-07,2025-06-22,2025-06-23
INV-0693,ABC Pvt Ltd,25225.92,2025-02-16,2025-03-03,2025-03-14
INV-0694,XYZ Enterprises,56910.88,2025-05-18,2025-06-16,2025-07-23
INV-0695,ABC Pvt Ltd,82434.43,2025-03-03,2025-03-22,2025-03-28
INV-0696,LMN Solutions,42740.22,2025-03-26,2025-04-12,2025-05-08
INV-0697,DEF Corp,11992.76,2025-06-19,2025-07-03,2025-07-07
INV-0698,LMN Solutions,96990.21,2025-02-27,2025-03-28,2025-04-06
INV-0699,PQR Global,9382.9,2025-05-28,2025-06-14,2025-08-05
INV-0700,LMN Solutions,40841.61,2025-01-06,2025-01-23,2025-02-20
INV-0701,ABC Pvt Ltd,24770.37,2025-03-09,2025-04-08,2025-04-15
INV-0702,LMN Solutions,58778.17,2025-05-04,2025-05-19,2025-06-07
INV-0703,LMN Solutions,41817.83,2025-04-27,2025-05-08,2025-06-01
INV-0704,DEF Corp,68442.11,2025-04-08,2025-04-18,2025-05-03
INV-0705,XYZ Enterprises,76484.34,2025-01-06,2025-01-21,2025-03-16
INV-0706,ABC Pvt Ltd,56461.37,2025-03-13,2025-03-30,2025-04-22
INV-0707,ABC Pvt Ltd,49213.04,2025-04-28,2025-05-13,2025-05-27
INV-0708,PQR Global,46782.94,2025-05-02,2025-05-29,2025-07-12
INV-0709,PQR Global,50119.1,2025-01-14,2025-02-01,2025-03-02
INV-0710,XYZ Enterprises,65761.85,2025-01-16,2025-01-30,2025-03-02
INV-0711,XYZ Enterprises,44147.28,2025-03-23,2025-04-07,2025-06-02
INV-0712,LMN Solutions,45355.8,2025-06-26,2025-07-18,2025-07-26
INV-0713,PQR Global,15023.93,2025-04-05,2025-05-02,2025-05-10
INV-0714,DEF Corp,45643.53,2025-03-04,2025-03-19,2025-04-26
INV-0715,DEF Corp,31990.57,2025-01-01,2025-01-29,2025-03-24
INV-0716,DEF Corp,86248.28,2025-01-02,2025-01-16,2025-01-31
INV-0717,XYZ Enterprises,84002.11,2025-03-20,2025-04-11,2025-04-15
INV-0718,ABC Pvt Ltd,50000.24,2025-03-01,2025-03-22,2025-05-11
INV-0719,ABC Pvt Ltd,33808.66,2025-04-23,2025-05-18,2025-05-21
INV-0720,DEF Corp,4644.45,2025-02-23,2025-03-12,2025-03-17
INV-0721,LMN Solutions,99085.69,2025-02-12,2025-02-28,2025-04-02
INV-0722,XYZ Enterprises,74621.13,2025-04-21,2025-05-06,2025-05-22
INV-0723,LMN Solutions,93307.58,2025-06-02,2025-06-19,2025-06-29
INV-0724,LMN Solutions,9646.98,2025-05-05,2025-05-28,2025-07-16
INV-0725,DEF Corp,56452.85,2025-02-28,2025-03-24,2025-03-27
INV-0726,LMN Solutions,9681.27,2025-02-11,2025-03-03,2025-04-20
INV-0727,DEF Corp,92537.78,2025-06-19,2025-07-02,2025-07-05
INV-0728,PQR Global,19939.55,2025-06-21,2025-07-02,2025-07-29
INV-0729,XYZ Enterprises,71426.61,2025-05-22,2025-06-04,2025-07-08
INV-0730,LMN Solutions,87036.37,2025-05-16,2025-06-03,2025-07-21
INV-0731,PQR Global,44828.1,2025-05-03,2025-05-31,2025-06-29
INV-0732,XYZ Enterprises,9848.14,2025-03-09,2025-03-22,2025-04-18
INV-0733,PQR Global,80366.01,2025-03-27,2025-04-06,2025-04-09
INV-0734,XYZ Enterprises,1995.9,2025-06-09,2025-07-06,2025-08-22
INV-0735,PQR Global,6334.65,2025-05-23,2025-06-17,2025-07-21
INV-0736,DEF Corp,31801.39,2025-02-20,2025-03-14,2025-04-05
INV-0737,ABC Pvt Ltd,86803.44,2025-04-19,2025-05-19,2025-06-10
INV-0738,XYZ Enterprises,49603.89,2025-02-07,2025-03-06,2025-04-15
INV-0739,XYZ Enterprises,16840.09,2025-05-21,2025-06-07,2025-06-11
INV-0740,LMN Solutions,6712.17,2025-03-19,2025-04-18,2025-05-27
INV-0741,DEF Corp,93148.78,2025-05-26,2025-06-13,2025-07-01
INV-0742,XYZ Enterprises,31588.51,2025-06-06,2025-06-27,2025-06-27
INV-0743,ABC Pvt Ltd,43884.97,2025-03-05,2025-04-03,2025-04-06
INV-0744,ABC Pvt Ltd,34792.42,2025-04-27,2025-05-07,2025-05-07
INV-0745,XYZ Enterprises,13474.62,2025-01-18,2025-02-06,2025-02-13
INV-0746,XYZ Enterprises,78941.66,2025-03-21,2025-04-10,2025-04-28
INV-0747,DEF Corp,66215.18,2025-06-28,2025-07-24,2025-09-11
INV-0748,ABC Pvt Ltd,77102.15,2025-05-28,2025-06-23,2025-07-07
INV-0749,XYZ Enterprises,64204.65,2025-02-25,2025-03-07,2025-04-13
INV-0750,XYZ Enterprises,4357.4,2025-06-27,2025-07-23,2025-07-23
INV-0751,LMN Solutions,53779.91,2025-04-11,2025-04-28,2025-06-26
INV-0752,LMN Solutions,30683.85,2025-02-11,2025-02-26,2025-02-28
INV-0753,LMN Solutions,60377.71,2025-04-09,2025-04-29,2025-05-17
INV-0754,DEF Corp,41130.84,2025-03-28,2025-04-22,2025-04-23
INV-0755,LMN Solutions,98797.86,2025-05-05,2025-05-31,2025-06-04
INV-0756,ABC Pvt Ltd,62721.12,2025-01-14,2025-02-09,2025-03-05
INV-0757,XYZ Enterprises,99466.2,2025-06-12,2025-06-24,2025-08-21
INV-0758,ABC Pvt Ltd,77276.12,2025-04-20,2025-05-07,2025-06-22
INV-0759,LMN Solutions,65505.32,2025-05-17,2025-06-14,2025-06-20
INV-0760,DEF Corp,39649.65,2025-04-23,2025-05-04,2025-06-11
INV-0761,PQR Global,57283.48,2025-01-28,2025-02-21,2025-03-13
INV-0762,LMN Solutions,13595.21,2025-02-27,2025-03-17,2025-05-13
INV-0763,ABC Pvt Ltd,61792.19,2025-06-10,2025-07-08,2025-08-14
INV-0764,ABC Pvt Ltd,91284.22,2025-02-21,2025-03-09,2025-03-14
INV-0765,XYZ Enterprises,43972.13,2025-02-19,2025-03-18,2025-04-25
INV-0766,XYZ Enterprises,35905.17,2025-03-15,2025-04-11,2025-05-12
INV-0767,XYZ Enterprises,54254.32,2025-03-14,2025-04-10,2025-04-22
INV-0768,DEF Corp,23129.16,2025-02-19,2025-03-06,2025-03-31
INV-0769,PQR Global,14841.3,2025-03-17,2025-03-30,2025-04-09
INV-0770,LMN Solutions,69218.36,2025-01-12,2025-01-28,2025-03-29
INV-0771,PQR Global,4682.16,2025-03-07,2025-04-05,2025-04-16
INV-0772,LMN Solutions,80611.92,2025-03-24,2025-04-05,2025-06-04
INV-0773,DEF Corp,95154.31,2025-03-11,2025-03-27,2025-05-08
INV-0774,PQR Global,74674.72,2025-06-06,2025-06-27,2025-07-25
INV-0775,XYZ Enterprises,42270.97,2025-01-03,2025-01-14,2025-02-04
INV-0776,XYZ Enterprises,37198.56,2025-04-03,2025-04-24,2025-04-28
INV-0777,LMN Solutions,61955.65,2025-03-02,2025-03-23,2025-05-03
INV-0778,ABC Pvt Ltd,79004.75,2025-06-01,2025-06-19,2025-06-27
INV-0779,ABC Pvt Ltd,96631.11,2025-04-11,2025-05-07,2025-05-09
INV-0780,PQR Global,10681.24,2025-06-21,2025-07-16,2025-08-19
INV-0781,LMN Solutions,45130.8,2025-03-14,2025-03-30,2025-05-05
INV-0782,XYZ Enterprises,54793.87,2025-03-11,2025-04-03,2025-05-17
INV-0783,LMN Solutions,56803.91,2025-01-10,2025-01-24,2025-01-28
INV-0784,PQR Global,96778.65,2025-05-21,2025-06-01,2025-06-02
INV-0785,LMN Solutions,5073.96,2025-06-02,2025-06-14,2025-06-21
INV-0786,LMN Solutions,57788.94,2025-05-11,2025-05-22,2025-06-13
INV-0787,DEF Corp,34838.34,2025-04-27,2025-05-24,2025-07-18
INV-0788,PQR Global,1918.43,2025-06-20,2025-07-19,2025-07-23
INV-0789,ABC Pvt Ltd,49448.41,2025-05-25,2025-06-08,2025-07-08
INV-0790,LMN Solutions,49790.98,2025-02-15,2025-03-11,2025-04-13
INV-0791,LMN Solutions,5148.92,2025-02-17,2025-03-02,2025-04-24
INV-0792,LMN Solutions,26121.87,2025-01-04,2025-01-19,2025-02-08
INV-0793,XYZ Enterprises,58568.55,2025-01-28,2025-02-07,2025-03-19
INV-0794,PQR Global,30990.09,2025-05-05,2025-06-03,2025-06-15
INV-0795,LMN Solutions,41641.19,2025-02-25,2025-03-22,2025-04-15
INV-0796,PQR Global,87443.96,2025-04-22,2025-05-20,2025-06-16
INV-0797,DEF Corp,28499.87,2025-06-22,2025-07-20,2025-07-25
INV-0798,DEF Corp,21089.66,2025-01-04,2025-02-02,2025-02-07
INV-0799,DEF Corp,83827.82,2025-03-12,2025-03-27,2025-04-03
INV-0800,XYZ Enterprises,76384.26,2025-06-05,2025-06-27,2025-08-19
INV-0801,ABC Pvt Ltd,61835.9,2025-05-20,2025-06-10,2025-06-23
INV-0802,LMN Solutions,61209.41,2025-04-25,2025-05-12,2025-06-21
INV-0803,XYZ Enterprises,42995.78,2025-05-13,2025-06-06,2025-06-28
INV-0804,DEF Corp,80378.72,2025-06-15,2025-06-25,2025-07-20
INV-0805,DEF Corp,8573.85,2025-05-01,2025-05-16,2025-05-20
INV-0806,XYZ Enterprises,81819.43,2025-03-19,2025-04-18,2025-06-16
INV-0807,PQR Global,69091.22,2025-04-07,2025-05-01,2025-05-17
INV-0808,PQR Global,38768.08,2025-03-24,2025-04-19,2025-04-20
INV-0809,DEF Corp,49576.44,2025-06-04,2025-07-03,2025-07-18
INV-0810,XYZ Enterprises,85016.5,2025-05-17,2025-05-30,2025-06-16
INV-0811,XYZ Enterprises,49895.59,2025-06-25,2025-07-13,2025-09-05
INV-0812,DEF Corp,70587.54,2025-05-02,2025-05-29,2025-06-16
INV-0813,PQR Global,23359.61,2025-02-01,2025-02-28,2025-03-12
INV-0814,ABC Pvt Ltd,1932.44,2025-01-21,2025-02-20,2025-04-09
INV-0815,PQR Global,15790.88,2025-03-07,2025-04-02,2025-04-06
INV-0816,ABC Pvt Ltd,6074.21,2025-03-01,2025-03-12,2025-04-25
INV-0817,PQR Global,29194.68,2025-05-22,2025-06-09,2025-07-11
INV-0818,ABC Pvt Ltd,6421.55,2025-05-02,2025-05-26,2025-06-21
INV-0819,PQR Global,45584.16,2025-06-14,2025-06-25,2025-07-04
INV-0820,XYZ Enterprises,62835.5,2025-01-08,2025-02-07,2025-02-08
INV-0821,DEF Corp,89110.0,2025-02-07,2025-03-05,2025-04-04
INV-0822,XYZ Enterprises,37051.65,2025-04-27,2025-05-24,2025-06-15
INV-0823,DEF Corp,14171.38,2025-04-06,2025-04-24,2025-04-30
INV-0824,PQR Global,58467.27,2025-01-14,2025-02-07,2025-02-17
INV-0825,ABC Pvt Ltd,71913.61,2025-02-04,2025-02-19,2025-02-19
INV-0826,DEF Corp,22760.89,2025-06-18,2025-07-06,2025-09-03
INV-0827,ABC Pvt Ltd,53874.26,2025-03-06,2025-04-02,2025-05-14
INV-0828,XYZ Enterprises,20030.32,2025-04-18,2025-05-09,2025-05-22
INV-0829,XYZ Enterprises,99398.5,2025-01-17,2025-01-27,2025-01-30
INV-0830,PQR Global,2039.65,2025-03-18,2025-04-07,2025-04-08
INV-0831,XYZ Enterprises,15372.55,2025-06-26,2025-07-24,2025-09-05
INV-0832,LMN Solutions,69200.84,2025-01-09,2025-02-03,2025-02-04
INV-0833,DEF Corp,49765.55,2025-03-14,2025-03-31,2025-04-06
INV-0834,XYZ Enterprises,78794.47,2025-02-27,2025-03-18,2025-03-21
INV-0835,LMN Solutions,51808.88,2025-03-13,2025-04-02,2025-05-07
INV-0836,ABC Pvt Ltd,51361.12,2025-01-18,2025-02-11,2025-03-02
INV-0837,ABC Pvt Ltd,17735.5,2025-03-24,2025-04-23,2025-05-27
INV-0838,LMN Solutions,60778.18,2025-05-07,2025-06-04,2025-06-04
INV-0839,LMN Solutions,68075.99,2025-04-23,2025-05-03,2025-07-02
INV-0840,DEF Corp,83427.88,2025-03-22,2025-04-08,2025-05-10
INV-0841,LMN Solutions,99713.99,2025-01-24,2025-02-21,2025-04-13
INV-0842,LMN Solutions,40415.9,2025-06-07,2025-07-05,2025-07-31
INV-0843,ABC Pvt Ltd,97185.83,2025-06-21,2025-07-12,2025-07-15
INV-0844,PQR Global,36377.76,2025-03-02,2025-03-24,2025-03-24
INV-0845,DEF Corp,42445.8,2025-01-05,2025-01-27,2025-02-10
INV-0846,ABC Pvt Ltd,93177.39,2025-04-24,2025-05-11,2025-07-01
INV-0847,XYZ Enterprises,26453.51,2025-04-21,2025-05-21,2025-06-07
INV-0848,LMN Solutions,54736.32,2025-02-14,2025-02-24,2025-03-21
INV-0849,PQR Global,20283.28,2025-04-18,2025-05-03,2025-06-07
INV-0850,PQR Global,93266.31,2025-03-04,2025-03-16,2025-04-17
INV-0851,DEF Corp,8507.66,2025-01-12,2025-02-11,2025-02-14
INV-0852,XYZ Enterprises,53684.51,2025-02-12,2025-03-07,2025-03-19
INV-0853,PQR Global,82897.76,2025-02-13,2025-03-01,2025-04-21
INV-0854,LMN Solutions,51371.81,2025-06-12,2025-06-25,2025-07-11
INV-0855,PQR Global,82221.89,2025-02-27,2025-03-16,2025-04-09
INV-0856,LMN Solutions,36653.19,2025-03-21,2025-04-04,2025-05-07
INV-0857,XYZ Enterprises,69360.35,2025-03-15,2025-03-25,2025-04-09
INV-0858,DEF Corp,18230.07,2025-03-28,2025-04-10,2025-04-16
INV-0859,ABC Pvt Ltd,11075.09,2025-03-16,2025-04-07,2025-04-26
INV-0860,PQR Global,78612.25,2025-05-08,2025-05-30,2025-06-28
INV-0861,ABC Pvt Ltd,58667.07,2025-01-08,2025-01-25,2025-02-02
INV-0862,DEF Corp,75458.66,2025-03-25,2025-04-07,2025-04-29
INV-0863,PQR Global,36481.32,2025-06-15,2025-07-05,2025-08-04
INV-0864,DEF Corp,13491.37,2025-05-22,2025-06-05,2025-07-01
INV-0865,XYZ Enterprises,68267.29,2025-04-03,2025-04-27,2025-05-02
INV-0866,PQR Global,13945.56,2025-05-16,2025-06-11,2025-07-30
INV-0867,LMN Solutions,99099.23,2025-02-28,2025-03-19,2025-04-01
INV-0868,DEF Corp,26951.79,2025-06-14,2025-07-13,2025-07-27
INV-0869,PQR Global,94172.2,2025-02-19,2025-03-15,2025-05-09
INV-0870,LMN Solutions,1612.06,2025-01-03,2025-01-20,2025-01-25
INV-0871,XYZ Enterprises,63050.86,2025-03-09,2025-03-24,2025-03-25
INV-0872,PQR Global,83059.04,2025-04-19,2025-05-17,2025-05-25
INV-0873,DEF Corp,60703.97,2025-01-01,2025-01-19,2025-01-21
INV-0874,LMN Solutions,17977.28,2025-04-27,2025-05-21,2025-06-17
INV-0875,XYZ Enterprises,29860.12,2025-02-04,2025-02-27,2025-03-05
INV-0876,XYZ Enterprises,10806.91,2025-02-20,2025-03-18,2025-05-11
INV-0877,DEF Corp,42594.1,2025-06-16,2025-07-05,2025-07-10
INV-0878,XYZ Enterprises,51911.61,2025-04-16,2025-05-03,2025-05-12
INV-0879,XYZ Enterprises,13964.88,2025-01-13,2025-01-24,2025-02-17
INV-0880,PQR Global,92288.27,2025-03-21,2025-04-19,2025-05-17
INV-0881,ABC Pvt Ltd,42013.37,2025-01-15,2025-02-03,2025-02-06
INV-0882,PQR Global,43973.86,2025-03-21,2025-04-20,2025-06-12
INV-0883,PQR Global,77956.1,2025-05-12,2025-06-02,2025-07-29
INV-0884,DEF Corp,46703.32,2025-03-12,2025-03-28,2025-05-01
INV-0885,PQR Global,90022.1,2025-06-17,2025-07-13,2025-07-22
INV-0886,PQR Global,70073.75,2025-05-13,2025-06-01,2025-06-06
INV-0887,XYZ Enterprises,60278.03,2025-03-15,2025-03-26,2025-04-08
INV-0888,XYZ Enterprises,93694.11,2025-05-14,2025-05-28,2025-07-11
INV-0889,DEF Corp,45020.19,2025-04-08,2025-05-03,2025-07-02
INV-0890,DEF Corp,56178.79,2025-03-06,2025-04-04,2025-04-07
INV-0891,DEF Corp,23525.65,2025-06-27,2025-07-07,2025-07-08
INV-0892,DEF Corp,4955.89,2025-03-27,2025-04-26,2025-05-04
INV-0893,ABC Pvt Ltd,31129.97,2025-04-16,2025-05-03,2025-05-12
INV-0894,ABC Pvt Ltd,73153.01,2025-02-11,2025-03-08,2025-03-15
INV-0895,LMN Solutions,14156.64,2025-02-20,2025-03-10,2025-03-18
INV-0896,XYZ Enterprises,27639.55,2025-05-19,2025-06-06,2025-06-14
INV-0897,PQR Global,16129.65,2025-05-04,2025-05-31,2025-06-29
INV-0898,PQR Global,99856.05,2025-03-06,2025-03-24,2025-03-24
INV-0899,DEF Corp,65033.65,2025-05-14,2025-06-04,2025-08-02
INV-0900,LMN Solutions,83952.44,2025-05-14,2025-06-13,2025-06-19
INV-0901,XYZ Enterprises,61714.07,2025-05-23,2025-06-06,2025-06-11
INV-0902,DEF Corp,9122.34,2025-04-08,2025-05-08,2025-05-14
INV-0903,LMN Solutions,76064.37,2025-05-23,2025-06-07,2025-06-12
INV-0904,LMN Solutions,73073.64,2025-05-10,2025-05-24,2025-06-30
INV-0905,XYZ Enterprises,25513.59,2025-04-06,2025-04-22,2025-05-05
INV-0906,LMN Solutions,38795.37,2025-02-12,2025-03-10,2025-04-22
INV-0907,LMN Solutions,16927.2,2025-02-23,2025-03-12,2025-03-13
INV-0908,DEF Corp,33973.97,2025-06-10,2025-07-02,2025-08-02
INV-0909,PQR Global,6145.05,2025-05-28,2025-06-19,2025-07-08
INV-0910,LMN Solutions,46423.45,2025-03-26,2025-04-07,2025-04-13
INV-0911,ABC Pvt Ltd,25375.42,2025-02-08,2025-02-26,2025-04-04
INV-0912,XYZ Enterprises,4383.96,2025-01-08,2025-01-28,2025-02-24
INV-0913,ABC Pvt Ltd,80418.24,2025-04-13,2025-05-13,2025-06-19
INV-0914,ABC Pvt Ltd,55001.35,2025-06-03,2025-06-13,2025-06-29
INV-0915,ABC Pvt Ltd,9787.4,2025-04-27,2025-05-13,2025-06-01
INV-0916,LMN Solutions,86949.32,2025-02-18,2025-02-28,2025-03-08
INV-0917,PQR Global,2483.74,2025-06-10,2025-07-01,2025-07-06
INV-0918,DEF Corp,67165.31,2025-01-13,2025-02-08,2025-03-07
INV-0919,LMN Solutions,83722.11,2025-01-19,2025-01-31,2025-02-26
INV-0920,XYZ Enterprises,25016.18,2025-03-02,2025-03-26,2025-03-26
INV-0921,LMN Solutions,20511.55,2025-02-12,2025-02-24,2025-04-16
INV-0922,LMN Solutions,6112.58,2025-04-12,2025-04-29,2025-05-07
INV-0923,ABC Pvt Ltd,68948.77,2025-03-24,2025-04-22,2025-05-27
INV-0924,XYZ Enterprises,59822.43,2025-04-12,2025-05-10,2025-06-21
INV-0925,PQR Global,26474.55,2025-05-13,2025-05-25,2025-06-13
INV-0926,LMN Solutions,17064.75,2025-04-17,2025-05-07,2025-06-03
INV-0927,XYZ Enterprises,7567.24,2025-04-07,2025-05-04,2025-06-12
INV-0928,PQR Global,1707.41,2025-06-06,2025-06-24,2025-07-22
INV-0929,LMN Solutions,65409.61,2025-02-19,2025-03-21,2025-04-09
INV-0930,LMN Solutions,43784.06,2025-01-04,2025-01-23,2025-01-25
INV-0931,XYZ Enterprises,38304.84,2025-03-08,2025-04-05,2025-05-21
INV-0932,ABC Pvt Ltd,76336.59,2025-06-15,2025-07-04,2025-08-13
INV-0933,ABC Pvt Ltd,72838.72,2025-03-15,2025-04-12,2025-04-12
INV-0934,XYZ Enterprises,24885.01,2025-03-20,2025-04-02,2025-04-02
INV-0935,XYZ Enterprises,5704.73,2025-05-13,2025-06-05,2025-06-08
INV-0936,XYZ Enterprises,7033.82,2025-01-12,2025-02-01,2025-02-28
INV-0937,LMN Solutions,32757.79,2025-03-24,2025-04-16,2025-05-16
INV-0938,DEF Corp,48693.46,2025-03-10,2025-03-26,2025-04-08
INV-0939,DEF Corp,78038.62,2025-06-01,2025-06-18,2025-07-20
INV-0940,DEF Corp,24066.13,2025-05-22,2025-06-17,2025-07-31
INV-0941,XYZ Enterprises,68321.08,2025-03-03,2025-03-16,2025-03-22
INV-0942,ABC Pvt Ltd,50336.57,2025-02-18,2025-03-10,2025-04-07
INV-0943,LMN Solutions,85808.87,2025-06-05,2025-07-01,2025-07-10
INV-0944,XYZ Enterprises,37988.93,2025-05-02,2025-05-13,2025-07-02
INV-0945,PQR Global,72636.32,2025-05-20,2025-06-03,2025-06-03
INV-0946,PQR Global,79459.93,2025-06-10,2025-07-03,2025-08-15
INV-0947,ABC Pvt Ltd,79233.56,2025-06-08,2025-07-06,2025-07-22
INV-0948,XYZ Enterprises,59534.65,2025-01-14,2025-01-28,2025-02-28
INV-0949,PQR Global,5821.9,2025-03-27,2025-04-24,2025-04-28
INV-0950,LMN Solutions,11821.38,2025-02-09,2025-03-10,2025-04-20
INV-0951,LMN Solutions,98362.6,2025-04-23,2025-05-18,2025-07-07
INV-0952,XYZ Enterprises,53981.63,2025-06-09,2025-06-22,2025-08-08
INV-0953,LMN Solutions,56442.96,2025-06-26,2025-07-12,2025-07-14
INV-0954,DEF Corp,11659.77,2025-05-12,2025-06-09,2025-06-13
INV-0955,XYZ Enterprises,61905.38,2025-06-06,2025-06-17,2025-06-19
INV-0956,XYZ Enterprises,97305.53,2025-04-19,2025-05-04,2025-05-14
INV-0957,ABC Pvt Ltd,84413.1,2025-01-22,2025-02-03,2025-02-09
INV-0958,XYZ Enterprises,96431.22,2025-05-27,2025-06-07,2025-06-07
INV-0959,PQR Global,33884.7,2025-01-03,2025-01-29,2025-02-19
INV-0960,PQR Global,6762.55,2025-05-23,2025-06-16,2025-07-29
INV-0961,LMN Solutions,9195.61,2025-04-10,2025-05-03,2025-05-08
INV-0962,XYZ Enterprises,64418.11,2025-01-23,2025-02-21,2025-04-18
INV-0963,DEF Corp,40794.99,2025-01-13,2025-02-11,2025-02-13
INV-0964,DEF Corp,14893.01,2025-04-08,2025-04-24,2025-06-07
INV-0965,PQR Global,35658.83,2025-02-24,2025-03-24,2025-03-24
INV-0966,XYZ Enterprises,26887.46,2025-02-25,2025-03-08,2025-03-09
INV-0967,LMN Solutions,23033.42,2025-04-25,2025-05-20,2025-05-23
INV-0968,PQR Global,11953.86,2025-03-07,2025-03-30,2025-04-08
INV-0969,ABC Pvt Ltd,73623.4,2025-06-23,2025-07-21,2025-07-21
INV-0970,LMN Solutions,40700.7,2025-05-11,2025-05-27,2025-05-28
INV-0971,ABC Pvt Ltd,94421.0,2025-04-14,2025-05-14,2025-05-16
INV-0972,PQR Global,22948.7,2025-01-14,2025-02-07,2025-02-14
INV-0973,LMN Solutions,24484.21,2025-02-01,2025-02-11,2025-03-28
INV-0974,ABC Pvt Ltd,89514.83,2025-02-25,2025-03-21,2025-05-20
INV-0975,DEF Corp,48983.28,2025-01-18,2025-02-09,2025-03-29
INV-0976,ABC Pvt Ltd,29041.1,2025-01-09,2025-01-29,2025-02-01
INV-0977,ABC Pvt Ltd,59591.74,2025-02-20,2025-03-09,2025-04-02
INV-0978,DEF Corp,35422.64,2025-04-02,2025-04-16,2025-06-03
INV-0979,XYZ Enterprises,79436.8,2025-05-15,2025-05-30,2025-07-25
INV-0980,PQR Global,54291.53,2025-03-21,2025-03-31,2025-05-25
INV-0981,LMN Solutions,78468.31,2025-05-20,2025-06-03,2025-06-25
INV-0982,DEF Corp,31474.94,2025-04-02,2025-04-16,2025-05-12
INV-0983,ABC Pvt Ltd,11787.5,2025-03-09,2025-03-24,2025-05-01
INV-0984,DEF Corp,99543.17,2025-06-05,2025-06-30,2025-07-02
INV-0985,ABC Pvt Ltd,62804.66,2025-02-06,2025-02-20,2025-02-23
INV-0986,LMN Solutions,16084.99,2025-03-12,2025-04-02,2025-05-24
INV-0987,DEF Corp,17551.82,2025-05-07,2025-05-22,2025-05-22
INV-0988,ABC Pvt Ltd,32348.85,2025-05-18,2025-06-04,2025-08-01
INV-0989,ABC Pvt Ltd,22330.55,2025-05-05,2025-05-28,2025-07-05
INV-0990,PQR Global,65739.87,2025-05-19,2025-06-07,2025-08-03
INV-0991,XYZ Enterprises,30600.62,2025-05-09,2025-05-21,2025-07-02
INV-0992,ABC Pvt Ltd,1117.11,2025-02-07,2025-02-19,2025-03-21
INV-0993,LMN Solutions,99752.69,2025-03-19,2025-04-05,2025-05-13
INV-0994,ABC Pvt Ltd,74237.15,2025-05-08,2025-05-29,2025-05-29
INV-0995,ABC Pvt Ltd,73780.68,2025-03-05,2025-03-29,2025-03-31
INV-0996,ABC Pvt Ltd,13929.72,2025-06-09,2025-06-20,2025-07-12
INV-0997,ABC Pvt Ltd,92340.26,2025-03-02,2025-03-18,2025-03-24
INV-0998,DEF Corp,98081.58,2025-06-08,2025-07-05,2025-08-01
INV-0999,ABC Pvt Ltd,20388.79,2025-05-03,2025-05-29,2025-07-24
INV-1000,PQR Global,16154.88,2025-06-19,2025-07-01,2025-07-28
